mode,n_measurements,duration_label,mu_baseline,sigma_baseline,rho,h_init,mde
ap_only,2,1.5yr,0.3,0.1,0.5,-0.05,0.18777292576419216
ap_only,2,1.5yr,0.3,0.1,0.5,0.0,0.19699248120300755
ap_only,2,1.5yr,0.3,0.1,0.5,0.05,0.2103658536585366
ap_only,2,1.5yr,0.3,0.1,0.7,-0.05,0.22165605095541402
ap_only,2,1.5yr,0.3,0.1,0.7,0.0,0.24118942731277535
ap_only,2,1.5yr,0.3,0.1,0.7,0.05,0.24780487804878049
ap_only,2,1.5yr,0.3,0.1,0.9,-0.05,0.2837662337662338
ap_only,2,1.5yr,0.3,0.1,0.9,0.0,0.28700787401574807
ap_only,2,1.5yr,0.3,0.1,0.9,0.05,0.30333333333333334
ap_only,2,1.5yr,0.3,0.2,0.5,-0.05,0.18372781065088759
ap_only,2,1.5yr,0.3,0.2,0.5,0.0,0.1944196428571429
ap_only,2,1.5yr,0.3,0.2,0.5,0.05,0.2104166666666667
ap_only,2,1.5yr,0.3,0.2,0.7,-0.05,0.217741935483871
ap_only,2,1.5yr,0.3,0.2,0.7,0.0,0.23216216216216218
ap_only,2,1.5yr,0.3,0.2,0.7,0.05,0.2388888888888889
ap_only,2,1.5yr,0.3,0.2,0.9,-0.05,0.295906432748538
ap_only,2,1.5yr,0.3,0.2,0.9,0.0,0.27184873949579835
ap_only,2,1.5yr,0.3,0.2,0.9,0.05,0.34925373134328364
ap_only,2,1.5yr,0.5,0.1,0.5,-0.05,0.2205263157894737
ap_only,2,1.5yr,0.5,0.1,0.5,0.0,0.2177215189873418
ap_only,2,1.5yr,0.5,0.1,0.5,0.05,0.2153846153846154
ap_only,2,1.5yr,0.5,0.1,0.7,-0.05,0.256198347107438
ap_only,2,1.5yr,0.5,0.1,0.7,0.0,0.2595588235294118
ap_only,2,1.5yr,0.5,0.1,0.7,0.05,0.24955156950672647
ap_only,2,1.5yr,0.5,0.1,0.9,-0.05,0.2996575342465753
ap_only,2,1.5yr,0.5,0.1,0.9,0.0,0.296978021978022
ap_only,2,1.5yr,0.5,0.1,0.9,0.05,
ap_only,2,1.5yr,0.5,0.2,0.5,-0.05,0.20698529411764707
ap_only,2,1.5yr,0.5,0.2,0.5,0.0,0.2095744680851064
ap_only,2,1.5yr,0.5,0.2,0.5,0.05,0.20695652173913046
ap_only,2,1.5yr,0.5,0.2,0.7,-0.05,0.24162679425837322
ap_only,2,1.5yr,0.5,0.2,0.7,0.0,0.2472972972972973
ap_only,2,1.5yr,0.5,0.2,0.7,0.05,0.2647058823529412
ap_only,2,1.5yr,0.5,0.2,0.9,-0.05,0.29375
ap_only,2,1.5yr,0.5,0.2,0.9,0.0,0.30933333333333335
ap_only,2,1.5yr,0.5,0.2,0.9,0.05,
ap_only,2,1.5yr,0.7,0.1,0.5,-0.05,0.21652892561983472
ap_only,2,1.5yr,0.7,0.1,0.5,0.0,0.21128048780487807
ap_only,2,1.5yr,0.7,0.1,0.5,0.05,0.20714285714285716
ap_only,2,1.5yr,0.7,0.1,0.7,-0.05,0.2550925925925926
ap_only,2,1.5yr,0.7,0.1,0.7,0.0,0.249375
ap_only,2,1.5yr,0.7,0.1,0.7,0.05,0.37931034482758624
ap_only,2,1.5yr,0.7,0.1,0.9,-0.05,0.29534883720930233
ap_only,2,1.5yr,0.7,0.1,0.9,0.0,0.4
ap_only,2,1.5yr,0.7,0.1,0.9,0.05,
ap_only,2,1.5yr,0.7,0.2,0.5,-0.05,0.2138655462184874
ap_only,2,1.5yr,0.7,0.2,0.5,0.0,0.22437500000000002
ap_only,2,1.5yr,0.7,0.2,0.5,0.05,0.22569444444444448
ap_only,2,1.5yr,0.7,0.2,0.7,-0.05,0.25523809523809526
ap_only,2,1.5yr,0.7,0.2,0.7,0.0,0.2788659793814433
ap_only,2,1.5yr,0.7,0.2,0.7,0.05,0.34606741573033717
ap_only,2,1.5yr,0.7,0.2,0.9,-0.05,0.29964539007092195
ap_only,2,1.5yr,0.7,0.2,0.9,0.0,
ap_only,2,1.5yr,0.7,0.2,0.9,0.05,
ap_only,2,1yr,0.3,0.1,0.5,-0.05,0.19022140221402217
ap_only,2,1yr,0.3,0.1,0.5,0.0,0.20849056603773586
ap_only,2,1yr,0.3,0.1,0.5,0.05,0.21286764705882355
ap_only,2,1yr,0.3,0.1,0.7,-0.05,0.2224264705882353
ap_only,2,1yr,0.3,0.1,0.7,0.0,0.2446107784431138
ap_only,2,1yr,0.3,0.1,0.7,0.05,0.24952153110047848
ap_only,2,1yr,0.3,0.1,0.9,-0.05,0.27661290322580645
ap_only,2,1yr,0.3,0.1,0.9,0.0,0.28626373626373625
ap_only,2,1yr,0.3,0.1,0.9,0.05,0.32098765432098764
ap_only,2,1yr,0.3,0.2,0.5,-0.05,0.1880753138075314
ap_only,2,1yr,0.3,0.2,0.5,0.0,0.19495614035087722
ap_only,2,1yr,0.3,0.2,0.5,0.05,0.2098159509202454
ap_only,2,1yr,0.3,0.2,0.7,-0.05,0.2193103448275862
ap_only,2,1yr,0.3,0.2,0.7,0.0,0.23601036269430054
ap_only,2,1yr,0.3,0.2,0.7,0.05,0.2521897810218978
ap_only,2,1yr,0.3,0.2,0.9,-0.05,0.2896825396825397
ap_only,2,1yr,0.3,0.2,0.9,0.0,0.28125
ap_only,2,1yr,0.3,0.2,0.9,0.05,0.35034482758620694
ap_only,2,1yr,0.5,0.1,0.5,-0.05,0.22401129943502826
ap_only,2,1yr,0.5,0.1,0.5,0.0,0.22282051282051285
ap_only,2,1yr,0.5,0.1,0.5,0.05,0.22191011235955058
ap_only,2,1yr,0.5,0.1,0.7,-0.05,0.2565789473684211
ap_only,2,1yr,0.5,0.1,0.7,0.0,0.2592741935483871
ap_only,2,1yr,0.5,0.1,0.7,0.05,0.2617241379310345
ap_only,2,1yr,0.5,0.1,0.9,-0.05,0.29705882352941176
ap_only,2,1yr,0.5,0.1,0.9,0.0,0.2916666666666667
ap_only,2,1yr,0.5,0.1,0.9,0.05,
ap_only,2,1yr,0.5,0.2,0.5,-0.05,0.21165644171779144
ap_only,2,1yr,0.5,0.2,0.5,0.0,0.21521739130434783
ap_only,2,1yr,0.5,0.2,0.5,0.05,0.21652173913043482
ap_only,2,1yr,0.5,0.2,0.7,-0.05,0.24530386740331495
ap_only,2,1yr,0.5,0.2,0.7,0.0,0.25546218487394956
ap_only,2,1yr,0.5,0.2,0.7,0.05,0.2723076923076923
ap_only,2,1yr,0.5,0.2,0.9,-0.05,0.2904255319148936
ap_only,2,1yr,0.5,0.2,0.9,0.0,0.2996621621621621
ap_only,2,1yr,0.5,0.2,0.9,0.05,
ap_only,2,1yr,0.7,0.1,0.5,-0.05,0.2147058823529412
ap_only,2,1yr,0.7,0.1,0.5,0.0,0.2109848484848485
ap_only,2,1yr,0.7,0.1,0.5,0.05,0.2045977011494253
ap_only,2,1yr,0.7,0.1,0.7,-0.05,0.2552325581395349
ap_only,2,1yr,0.7,0.1,0.7,0.0,0.2654929577464789
ap_only,2,1yr,0.7,0.1,0.7,0.05,
ap_only,2,1yr,0.7,0.1,0.9,-0.05,0.2949404761904762
ap_only,2,1yr,0.7,0.1,0.9,0.0,
ap_only,2,1yr,0.7,0.1,0.9,0.05,
ap_only,2,1yr,0.7,0.2,0.5,-0.05,0.22208588957055217
ap_only,2,1yr,0.7,0.2,0.5,0.0,0.2222857142857143
ap_only,2,1yr,0.7,0.2,0.5,0.05,0.23490566037735852
ap_only,2,1yr,0.7,0.2,0.7,-0.05,0.2723076923076923
ap_only,2,1yr,0.7,0.2,0.7,0.0,0.28535353535353536
ap_only,2,1yr,0.7,0.2,0.7,0.05,0.3800000000000001
ap_only,2,1yr,0.7,0.2,0.9,-0.05,0.29774436090225564
ap_only,2,1yr,0.7,0.2,0.9,0.0,
ap_only,2,1yr,0.7,0.2,0.9,0.05,
ap_only,2,6mo,0.3,0.1,0.5,-0.05,0.20760869565217394
ap_only,2,6mo,0.3,0.1,0.5,0.0,0.2235849056603774
ap_only,2,6mo,0.3,0.1,0.5,0.05,0.22765957446808513
ap_only,2,6mo,0.3,0.1,0.7,-0.05,0.23677884615384617
ap_only,2,6mo,0.3,0.1,0.7,0.0,0.25725190839694656
ap_only,2,6mo,0.3,0.1,0.7,0.05,0.2612676056338028
ap_only,2,6mo,0.3,0.1,0.9,-0.05,0.23854166666666668
ap_only,2,6mo,0.3,0.1,0.9,0.0,0.25229357798165136
ap_only,2,6mo,0.3,0.1,0.9,0.05,0.33364485981308417
ap_only,2,6mo,0.3,0.2,0.5,-0.05,0.1995689655172414
ap_only,2,6mo,0.3,0.2,0.5,0.0,0.21461038961038964
ap_only,2,6mo,0.3,0.2,0.5,0.05,0.22369942196531795
ap_only,2,6mo,0.3,0.2,0.7,-0.05,0.24219653179190753
ap_only,2,6mo,0.3,0.2,0.7,0.0,0.24747706422018348
ap_only,2,6mo,0.3,0.2,0.7,0.05,0.2658064516129032
ap_only,2,6mo,0.3,0.2,0.9,-0.05,0.24020100502512565
ap_only,2,6mo,0.3,0.2,0.9,0.0,0.25892857142857145
ap_only,2,6mo,0.3,0.2,0.9,0.05,0.3831578947368422
ap_only,2,6mo,0.5,0.1,0.5,-0.05,0.2377450980392157
ap_only,2,6mo,0.5,0.1,0.5,0.0,0.23031088082901555
ap_only,2,6mo,0.5,0.1,0.5,0.05,0.23620689655172417
ap_only,2,6mo,0.5,0.1,0.7,-0.05,0.26862745098039215
ap_only,2,6mo,0.5,0.1,0.7,0.0,0.26589147286821707
ap_only,2,6mo,0.5,0.1,0.7,0.05,0.2634453781512605
ap_only,2,6mo,0.5,0.1,0.9,-0.05,0.26516393442622954
ap_only,2,6mo,0.5,0.1,0.9,0.0,0.3101694915254237
ap_only,2,6mo,0.5,0.1,0.9,0.05,
ap_only,2,6mo,0.5,0.2,0.5,-0.05,0.22704081632653064
ap_only,2,6mo,0.5,0.2,0.5,0.0,0.23080808080808082
ap_only,2,6mo,0.5,0.2,0.5,0.05,0.22961956521739132
ap_only,2,6mo,0.5,0.2,0.7,-0.05,0.26007751937984497
ap_only,2,6mo,0.5,0.2,0.7,0.0,0.26343283582089555
ap_only,2,6mo,0.5,0.2,0.7,0.05,0.28185840707964605
ap_only,2,6mo,0.5,0.2,0.9,-0.05,0.25357142857142856
ap_only,2,6mo,0.5,0.2,0.9,0.0,0.3267857142857143
ap_only,2,6mo,0.5,0.2,0.9,0.05,
ap_only,2,6mo,0.7,0.1,0.5,-0.05,0.23313253012048196
ap_only,2,6mo,0.7,0.1,0.5,0.0,0.22560000000000002
ap_only,2,6mo,0.7,0.1,0.5,0.05,0.21086956521739134
ap_only,2,6mo,0.7,0.1,0.7,-0.05,0.2744186046511628
ap_only,2,6mo,0.7,0.1,0.7,0.0,0.28359375000000003
ap_only,2,6mo,0.7,0.1,0.7,0.05,
ap_only,2,6mo,0.7,0.1,0.9,-0.05,0.283203125
ap_only,2,6mo,0.7,0.1,0.9,0.0,
ap_only,2,6mo,0.7,0.1,0.9,0.05,
ap_only,2,6mo,0.7,0.2,0.5,-0.05,0.23614457831325303
ap_only,2,6mo,0.7,0.2,0.5,0.0,0.24133333333333334
ap_only,2,6mo,0.7,0.2,0.5,0.05,0.2584158415841584
ap_only,2,6mo,0.7,0.2,0.7,-0.05,0.28963414634146345
ap_only,2,6mo,0.7,0.2,0.7,0.0,0.29404761904761906
ap_only,2,6mo,0.7,0.2,0.7,0.05,0.3898989898989899
ap_only,2,6mo,0.7,0.2,0.9,-0.05,0.28695652173913044
ap_only,2,6mo,0.7,0.2,0.9,0.0,
ap_only,2,6mo,0.7,0.2,0.9,0.05,
ap_only,3,1.5yr,0.3,0.1,0.5,-0.05,0.15401234567901234
ap_only,3,1.5yr,0.3,0.1,0.5,0.0,0.166751269035533
ap_only,3,1.5yr,0.3,0.1,0.5,0.05,0.1783482142857143
ap_only,3,1.5yr,0.3,0.1,0.7,-0.05,0.1843085106382979
ap_only,3,1.5yr,0.3,0.1,0.7,0.0,0.20598802395209584
ap_only,3,1.5yr,0.3,0.1,0.7,0.05,0.21925000000000003
ap_only,3,1.5yr,0.3,0.1,0.9,-0.05,0.25422077922077924
ap_only,3,1.5yr,0.3,0.1,0.9,0.0,0.2563380281690141
ap_only,3,1.5yr,0.3,0.1,0.9,0.05,0.26564885496183205
ap_only,3,1.5yr,0.3,0.2,0.5,-0.05,0.14846511627906978
ap_only,3,1.5yr,0.3,0.2,0.5,0.0,0.16322751322751325
ap_only,3,1.5yr,0.3,0.2,0.5,0.05,0.1674033149171271
ap_only,3,1.5yr,0.3,0.2,0.7,-0.05,0.18282608695652175
ap_only,3,1.5yr,0.3,0.2,0.7,0.0,0.19738955823293175
ap_only,3,1.5yr,0.3,0.2,0.7,0.05,0.2110119047619048
ap_only,3,1.5yr,0.3,0.2,0.9,-0.05,0.26170212765957446
ap_only,3,1.5yr,0.3,0.2,0.9,0.0,0.24755434782608696
ap_only,3,1.5yr,0.3,0.2,0.9,0.05,0.28383458646616544
ap_only,3,1.5yr,0.5,0.1,0.5,-0.05,0.18066914498141265
ap_only,3,1.5yr,0.5,0.1,0.5,0.0,0.18130434782608695
ap_only,3,1.5yr,0.5,0.1,0.5,0.05,0.18242677824267783
ap_only,3,1.5yr,0.5,0.1,0.7,-0.05,0.21503496503496505
ap_only,3,1.5yr,0.5,0.1,0.7,0.0,0.21789473684210528
ap_only,3,1.5yr,0.5,0.1,0.7,0.05,0.20648854961832064
ap_only,3,1.5yr,0.5,0.1,0.9,-0.05,0.2625874125874126
ap_only,3,1.5yr,0.5,0.1,0.9,0.0,0.26857142857142857
ap_only,3,1.5yr,0.5,0.1,0.9,0.05,
ap_only,3,1.5yr,0.5,0.2,0.5,-0.05,0.1725641025641026
ap_only,3,1.5yr,0.5,0.2,0.5,0.0,0.17600000000000002
ap_only,3,1.5yr,0.5,0.2,0.5,0.05,0.17500000000000002
ap_only,3,1.5yr,0.5,0.2,0.7,-0.05,0.2104575163398693
ap_only,3,1.5yr,0.5,0.2,0.7,0.0,0.2132450331125828
ap_only,3,1.5yr,0.5,0.2,0.7,0.05,0.21807228915662652
ap_only,3,1.5yr,0.5,0.2,0.9,-0.05,0.2619402985074627
ap_only,3,1.5yr,0.5,0.2,0.9,0.0,0.2636752136752137
ap_only,3,1.5yr,0.5,0.2,0.9,0.05,
ap_only,3,1.5yr,0.7,0.1,0.5,-0.05,0.17887323943661973
ap_only,3,1.5yr,0.7,0.1,0.5,0.0,0.17110552763819098
ap_only,3,1.5yr,0.7,0.1,0.5,0.05,0.163855421686747
ap_only,3,1.5yr,0.7,0.1,0.7,-0.05,0.20634328358208956
ap_only,3,1.5yr,0.7,0.1,0.7,0.0,0.20634920634920637
ap_only,3,1.5yr,0.7,0.1,0.7,0.05,0.22789855072463772
ap_only,3,1.5yr,0.7,0.1,0.9,-0.05,0.2624
ap_only,3,1.5yr,0.7,0.1,0.9,0.0,0.2694805194805195
ap_only,3,1.5yr,0.7,0.1,0.9,0.05,
ap_only,3,1.5yr,0.7,0.2,0.5,-0.05,0.17652582159624414
ap_only,3,1.5yr,0.7,0.2,0.5,0.0,0.17926829268292685
ap_only,3,1.5yr,0.7,0.2,0.5,0.05,0.18204419889502765
ap_only,3,1.5yr,0.7,0.2,0.7,-0.05,0.2155844155844156
ap_only,3,1.5yr,0.7,0.2,0.7,0.0,0.22077464788732395
ap_only,3,1.5yr,0.7,0.2,0.7,0.05,0.26146788990825687
ap_only,3,1.5yr,0.7,0.2,0.9,-0.05,0.2653846153846154
ap_only,3,1.5yr,0.7,0.2,0.9,0.0,0.28611111111111115
ap_only,3,1.5yr,0.7,0.2,0.9,0.05,
ap_only,3,1yr,0.3,0.1,0.5,-0.05,0.16425
ap_only,3,1yr,0.3,0.1,0.5,0.0,0.17342857142857143
ap_only,3,1yr,0.3,0.1,0.5,0.05,0.1799145299145299
ap_only,3,1yr,0.3,0.1,0.7,-0.05,0.19186991869918701
ap_only,3,1yr,0.3,0.1,0.7,0.0,0.20719178082191783
ap_only,3,1yr,0.3,0.1,0.7,0.05,0.21446540880503145
ap_only,3,1yr,0.3,0.1,0.9,-0.05,0.23798449612403103
ap_only,3,1yr,0.3,0.1,0.9,0.0,0.24800884955752212
ap_only,3,1yr,0.3,0.1,0.9,0.05,0.2627118644067797
ap_only,3,1yr,0.3,0.2,0.5,-0.05,0.15934343434343434
ap_only,3,1yr,0.3,0.2,0.5,0.0,0.1706896551724138
ap_only,3,1yr,0.3,0.2,0.5,0.05,0.17523584905660378
ap_only,3,1yr,0.3,0.2,0.7,-0.05,0.18927125506072878
ap_only,3,1yr,0.3,0.2,0.7,0.0,0.19974747474747476
ap_only,3,1yr,0.3,0.2,0.7,0.05,0.21107784431137727
ap_only,3,1yr,0.3,0.2,0.9,-0.05,0.25849056603773585
ap_only,3,1yr,0.3,0.2,0.9,0.0,0.23897849462365595
ap_only,3,1yr,0.3,0.2,0.9,0.05,0.2851851851851852
ap_only,3,1yr,0.5,0.1,0.5,-0.05,0.18270833333333336
ap_only,3,1yr,0.5,0.1,0.5,0.0,0.18333333333333335
ap_only,3,1yr,0.5,0.1,0.5,0.05,0.18491735537190085
ap_only,3,1yr,0.5,0.1,0.7,-0.05,0.21720779220779224
ap_only,3,1yr,0.5,0.1,0.7,0.0,0.22462311557788947
ap_only,3,1yr,0.5,0.1,0.7,0.05,0.2188679245283019
ap_only,3,1yr,0.5,0.1,0.9,-0.05,0.253125
ap_only,3,1yr,0.5,0.1,0.9,0.0,0.2596
ap_only,3,1yr,0.5,0.1,0.9,0.05,
ap_only,3,1yr,0.5,0.2,0.5,-0.05,0.17782805429864254
ap_only,3,1yr,0.5,0.2,0.5,0.0,0.1795918367346939
ap_only,3,1yr,0.5,0.2,0.5,0.05,0.178125
ap_only,3,1yr,0.5,0.2,0.7,-0.05,0.21139705882352944
ap_only,3,1yr,0.5,0.2,0.7,0.0,0.22066666666666668
ap_only,3,1yr,0.5,0.2,0.7,0.05,0.22792207792207794
ap_only,3,1yr,0.5,0.2,0.9,-0.05,0.2565420560747664
ap_only,3,1yr,0.5,0.2,0.9,0.0,0.26029411764705884
ap_only,3,1yr,0.5,0.2,0.9,0.05,
ap_only,3,1yr,0.7,0.1,0.5,-0.05,0.1788888888888889
ap_only,3,1yr,0.7,0.1,0.5,0.0,0.17572815533980585
ap_only,3,1yr,0.7,0.1,0.5,0.05,0.16314102564102564
ap_only,3,1yr,0.7,0.1,0.7,-0.05,0.21521739130434783
ap_only,3,1yr,0.7,0.1,0.7,0.0,0.21488549618320613
ap_only,3,1yr,0.7,0.1,0.7,0.05,0.22673267326732677
ap_only,3,1yr,0.7,0.1,0.9,-0.05,0.262992125984252
ap_only,3,1yr,0.7,0.1,0.9,0.0,0.2879310344827587
ap_only,3,1yr,0.7,0.1,0.9,0.05,
ap_only,3,1yr,0.7,0.2,0.5,-0.05,0.18059701492537314
ap_only,3,1yr,0.7,0.2,0.5,0.0,0.18071065989847718
ap_only,3,1yr,0.7,0.2,0.5,0.05,0.18232323232323233
ap_only,3,1yr,0.7,0.2,0.7,-0.05,0.21458333333333335
ap_only,3,1yr,0.7,0.2,0.7,0.0,0.22598425196850397
ap_only,3,1yr,0.7,0.2,0.7,0.05,0.2627906976744186
ap_only,3,1yr,0.7,0.2,0.9,-0.05,0.2574380165289256
ap_only,3,1yr,0.7,0.2,0.9,0.0,0.32
ap_only,3,1yr,0.7,0.2,0.9,0.05,
ap_only,3,6mo,0.3,0.1,0.5,-0.05,0.17594594594594598
ap_only,3,6mo,0.3,0.1,0.5,0.0,0.18399122807017546
ap_only,3,6mo,0.3,0.1,0.5,0.05,0.1906374501992032
ap_only,3,6mo,0.3,0.1,0.7,-0.05,0.19841897233201583
ap_only,3,6mo,0.3,0.1,0.7,0.0,0.21884057971014495
ap_only,3,6mo,0.3,0.1,0.7,0.05,0.227979274611399
ap_only,3,6mo,0.3,0.1,0.9,-0.05,0.2050420168067227
ap_only,3,6mo,0.3,0.1,0.9,0.0,0.23304093567251463
ap_only,3,6mo,0.3,0.1,0.9,0.05,0.25882352941176473
ap_only,3,6mo,0.3,0.2,0.5,-0.05,0.17129186602870816
ap_only,3,6mo,0.3,0.2,0.5,0.0,0.17991266375545853
ap_only,3,6mo,0.3,0.2,0.5,0.05,0.1842857142857143
ap_only,3,6mo,0.3,0.2,0.7,-0.05,0.1989495798319328
ap_only,3,6mo,0.3,0.2,0.7,0.0,0.20850340136054424
ap_only,3,6mo,0.3,0.2,0.7,0.05,0.21837349397590364
ap_only,3,6mo,0.3,0.2,0.9,-0.05,0.2178977272727273
ap_only,3,6mo,0.3,0.2,0.9,0.0,0.23256578947368423
ap_only,3,6mo,0.3,0.2,0.9,0.05,0.2926470588235294
ap_only,3,6mo,0.5,0.1,0.5,-0.05,0.1932926829268293
ap_only,3,6mo,0.5,0.1,0.5,0.0,0.1930830039525692
ap_only,3,6mo,0.5,0.1,0.5,0.05,0.1947257383966245
ap_only,3,6mo,0.5,0.1,0.7,-0.05,0.23205128205128206
ap_only,3,6mo,0.5,0.1,0.7,0.0,0.22767857142857145
ap_only,3,6mo,0.5,0.1,0.7,0.05,0.22529069767441862
ap_only,3,6mo,0.5,0.1,0.9,-0.05,0.23472222222222222
ap_only,3,6mo,0.5,0.1,0.9,0.0,0.25786516853932584
ap_only,3,6mo,0.5,0.1,0.9,0.05,
ap_only,3,6mo,0.5,0.2,0.5,-0.05,0.18728813559322036
ap_only,3,6mo,0.5,0.2,0.5,0.0,0.19037558685446013
ap_only,3,6mo,0.5,0.2,0.5,0.05,0.18943661971830988
ap_only,3,6mo,0.5,0.2,0.7,-0.05,0.22202797202797206
ap_only,3,6mo,0.5,0.2,0.7,0.0,0.22692307692307695
ap_only,3,6mo,0.5,0.2,0.7,0.05,0.2304945054945055
ap_only,3,6mo,0.5,0.2,0.9,-0.05,0.2343137254901961
ap_only,3,6mo,0.5,0.2,0.9,0.0,0.2616438356164384
ap_only,3,6mo,0.5,0.2,0.9,0.05,
ap_only,3,6mo,0.7,0.1,0.5,-0.05,0.1885514018691589
ap_only,3,6mo,0.7,0.1,0.5,0.0,0.18169291338582677
ap_only,3,6mo,0.7,0.1,0.5,0.05,0.1741935483870968
ap_only,3,6mo,0.7,0.1,0.7,-0.05,0.22620689655172416
ap_only,3,6mo,0.7,0.1,0.7,0.0,0.21982758620689657
ap_only,3,6mo,0.7,0.1,0.7,0.05,0.2418367346938776
ap_only,3,6mo,0.7,0.1,0.9,-0.05,0.2533613445378151
ap_only,3,6mo,0.7,0.1,0.9,0.0,
ap_only,3,6mo,0.7,0.1,0.9,0.05,
ap_only,3,6mo,0.7,0.2,0.5,-0.05,0.19146341463414637
ap_only,3,6mo,0.7,0.2,0.5,0.0,0.19535519125683062
ap_only,3,6mo,0.7,0.2,0.5,0.05,0.19450261780104716
ap_only,3,6mo,0.7,0.2,0.7,-0.05,0.22773437500000002
ap_only,3,6mo,0.7,0.2,0.7,0.0,0.24380165289256203
ap_only,3,6mo,0.7,0.2,0.7,0.05,0.271978021978022
ap_only,3,6mo,0.7,0.2,0.9,-0.05,0.24807692307692308
ap_only,3,6mo,0.7,0.2,0.9,0.0,
ap_only,3,6mo,0.7,0.2,0.9,0.05,
pooled,2,1.5yr,0.3,0.1,0.5,-0.05,0.12920245398773006
pooled,2,1.5yr,0.3,0.1,0.5,0.0,0.14236024844720496
pooled,2,1.5yr,0.3,0.1,0.5,0.05,0.1511049723756906
pooled,2,1.5yr,0.3,0.1,0.7,-0.05,0.1532934131736527
pooled,2,1.5yr,0.3,0.1,0.7,0.0,0.16964285714285715
pooled,2,1.5yr,0.3,0.1,0.7,0.05,0.1776824034334764
pooled,2,1.5yr,0.3,0.1,0.9,-0.05,0.20913978494623658
pooled,2,1.5yr,0.3,0.1,0.9,0.0,0.20718750000000002
pooled,2,1.5yr,0.3,0.1,0.9,0.05,0.2105263157894737
pooled,2,1.5yr,0.3,0.2,0.5,-0.05,0.1324022346368715
pooled,2,1.5yr,0.3,0.2,0.5,0.0,0.13853403141361256
pooled,2,1.5yr,0.3,0.2,0.5,0.05,0.14467980295566502
pooled,2,1.5yr,0.3,0.2,0.7,-0.05,0.15806451612903227
pooled,2,1.5yr,0.3,0.2,0.7,0.0,0.165
pooled,2,1.5yr,0.3,0.2,0.7,0.05,0.17373271889400924
pooled,2,1.5yr,0.3,0.2,0.9,-0.05,0.21570680628272254
pooled,2,1.5yr,0.3,0.2,0.9,0.0,0.19540000000000002
pooled,2,1.5yr,0.3,0.2,0.9,0.05,0.22472222222222224
pooled,2,1.5yr,0.5,0.1,0.5,-0.05,0.15
pooled,2,1.5yr,0.5,0.1,0.5,0.0,0.14848623853211007
pooled,2,1.5yr,0.5,0.1,0.5,0.05,0.14792079207920794
pooled,2,1.5yr,0.5,0.1,0.7,-0.05,0.18018433179723503
pooled,2,1.5yr,0.5,0.1,0.7,0.0,0.1852459016393443
pooled,2,1.5yr,0.5,0.1,0.7,0.05,0.18511904761904763
pooled,2,1.5yr,0.5,0.1,0.9,-0.05,0.2148936170212766
pooled,2,1.5yr,0.5,0.1,0.9,0.0,0.2168604651162791
pooled,2,1.5yr,0.5,0.1,0.9,0.05,0.30597014925373134
pooled,2,1.5yr,0.5,0.2,0.5,-0.05,0.14285714285714285
pooled,2,1.5yr,0.5,0.2,0.5,0.0,0.1470229007633588
pooled,2,1.5yr,0.5,0.2,0.5,0.05,0.14709677419354839
pooled,2,1.5yr,0.5,0.2,0.7,-0.05,0.17521739130434782
pooled,2,1.5yr,0.5,0.2,0.7,0.0,0.17330097087378643
pooled,2,1.5yr,0.5,0.2,0.7,0.05,0.17765486725663718
pooled,2,1.5yr,0.5,0.2,0.9,-0.05,0.21291390728476822
pooled,2,1.5yr,0.5,0.2,0.9,0.0,0.2111764705882353
pooled,2,1.5yr,0.5,0.2,0.9,0.05,0.3204301075268817
pooled,2,1.5yr,0.7,0.1,0.5,-0.05,0.14696808510638298
pooled,2,1.5yr,0.7,0.1,0.5,0.0,0.13885714285714287
pooled,2,1.5yr,0.7,0.1,0.5,0.05,0.13612244897959183
pooled,2,1.5yr,0.7,0.1,0.7,-0.05,0.1776086956521739
pooled,2,1.5yr,0.7,0.1,0.7,0.0,0.17047872340425532
pooled,2,1.5yr,0.7,0.1,0.7,0.05,0.17408376963350786
pooled,2,1.5yr,0.7,0.1,0.9,-0.05,0.21545454545454548
pooled,2,1.5yr,0.7,0.1,0.9,0.0,0.20648854961832064
pooled,2,1.5yr,0.7,0.1,0.9,0.05,
pooled,2,1.5yr,0.7,0.2,0.5,-0.05,0.1489285714285714
pooled,2,1.5yr,0.7,0.2,0.5,0.0,0.14274725274725275
pooled,2,1.5yr,0.7,0.2,0.5,0.05,0.1444186046511628
pooled,2,1.5yr,0.7,0.2,0.7,-0.05,0.17601809954751133
pooled,2,1.5yr,0.7,0.2,0.7,0.0,0.18255208333333334
pooled,2,1.5yr,0.7,0.2,0.7,0.05,0.1892857142857143
pooled,2,1.5yr,0.7,0.2,0.9,-0.05,0.20369127516778526
pooled,2,1.5yr,0.7,0.2,0.9,0.0,0.2207627118644068
pooled,2,1.5yr,0.7,0.2,0.9,0.05,
pooled,2,1yr,0.3,0.1,0.5,-0.05,0.138
pooled,2,1yr,0.3,0.1,0.5,0.0,0.14640718562874253
pooled,2,1yr,0.3,0.1,0.5,0.05,0.15188679245283018
pooled,2,1yr,0.3,0.1,0.7,-0.05,0.162
pooled,2,1yr,0.3,0.1,0.7,0.0,0.18069306930693071
pooled,2,1yr,0.3,0.1,0.7,0.05,0.18399122807017546
pooled,2,1yr,0.3,0.1,0.9,-0.05,0.19197530864197532
pooled,2,1yr,0.3,0.1,0.9,0.0,0.19263698630136988
pooled,2,1yr,0.3,0.1,0.9,0.05,0.20496453900709222
pooled,2,1yr,0.3,0.2,0.5,-0.05,0.13628140703517588
pooled,2,1yr,0.3,0.2,0.5,0.0,0.14424242424242426
pooled,2,1yr,0.3,0.2,0.5,0.05,0.14876923076923076
pooled,2,1yr,0.3,0.2,0.7,-0.05,0.16634615384615387
pooled,2,1yr,0.3,0.2,0.7,0.0,0.17213114754098363
pooled,2,1yr,0.3,0.2,0.7,0.05,0.18296460176991153
pooled,2,1yr,0.3,0.2,0.9,-0.05,0.198
pooled,2,1yr,0.3,0.2,0.9,0.0,0.19524886877828057
pooled,2,1yr,0.3,0.2,0.9,0.05,0.22222222222222224
pooled,2,1yr,0.5,0.1,0.5,-0.05,0.15964467005076144
pooled,2,1yr,0.5,0.1,0.5,0.0,0.1625
pooled,2,1yr,0.5,0.1,0.5,0.05,0.15325443786982249
pooled,2,1yr,0.5,0.1,0.7,-0.05,0.1904977375565611
pooled,2,1yr,0.5,0.1,0.7,0.0,0.18865740740740744
pooled,2,1yr,0.5,0.1,0.7,0.05,0.18514644351464438
pooled,2,1yr,0.5,0.1,0.9,-0.05,0.19767441860465118
pooled,2,1yr,0.5,0.1,0.9,0.0,0.20884146341463417
pooled,2,1yr,0.5,0.1,0.9,0.05,0.2861111111111112
pooled,2,1yr,0.5,0.2,0.5,-0.05,0.14648936170212767
pooled,2,1yr,0.5,0.2,0.5,0.0,0.15480225988700566
pooled,2,1yr,0.5,0.2,0.5,0.05,0.1487027027027027
pooled,2,1yr,0.5,0.2,0.7,-0.05,0.1838709677419355
pooled,2,1yr,0.5,0.2,0.7,0.0,0.18272727272727274
pooled,2,1yr,0.5,0.2,0.7,0.05,0.184
pooled,2,1yr,0.5,0.2,0.9,-0.05,0.19821428571428573
pooled,2,1yr,0.5,0.2,0.9,0.0,0.1967105263157895
pooled,2,1yr,0.5,0.2,0.9,0.05,0.32767857142857143
pooled,2,1yr,0.7,0.1,0.5,-0.05,0.15
pooled,2,1yr,0.7,0.1,0.5,0.0,0.1438235294117647
pooled,2,1yr,0.7,0.1,0.5,0.05,0.13884146341463416
pooled,2,1yr,0.7,0.1,0.7,-0.05,0.18
pooled,2,1yr,0.7,0.1,0.7,0.0,0.17772020725388604
pooled,2,1yr,0.7,0.1,0.7,0.05,0.17954545454545456
pooled,2,1yr,0.7,0.1,0.9,-0.05,0.20314685314685316
pooled,2,1yr,0.7,0.1,0.9,0.0,0.2073529411764706
pooled,2,1yr,0.7,0.1,0.9,0.05,
pooled,2,1yr,0.7,0.2,0.5,-0.05,0.1564102564102564
pooled,2,1yr,0.7,0.2,0.5,0.0,0.15196078431372548
pooled,2,1yr,0.7,0.2,0.5,0.05,0.15034246575342466
pooled,2,1yr,0.7,0.2,0.7,-0.05,0.1815068493150685
pooled,2,1yr,0.7,0.2,0.7,0.0,0.18210227272727275
pooled,2,1yr,0.7,0.2,0.7,0.05,0.19972067039106145
pooled,2,1yr,0.7,0.2,0.9,-0.05,0.19883268482490274
pooled,2,1yr,0.7,0.2,0.9,0.0,0.22522522522522526
pooled,2,1yr,0.7,0.2,0.9,0.05,
pooled,2,6mo,0.3,0.1,0.5,-0.05,0.1775
pooled,2,6mo,0.3,0.1,0.5,0.0,0.1863636363636364
pooled,2,6mo,0.3,0.1,0.5,0.05,0.19202586206896555
pooled,2,6mo,0.3,0.1,0.7,-0.05,0.18900000000000003
pooled,2,6mo,0.3,0.1,0.7,0.0,0.19871794871794873
pooled,2,6mo,0.3,0.1,0.7,0.05,0.2147239263803681
pooled,2,6mo,0.3,0.1,0.9,-0.05,0.1810810810810811
pooled,2,6mo,0.3,0.1,0.9,0.0,0.20700000000000002
pooled,2,6mo,0.3,0.1,0.9,0.05,0.23134328358208958
pooled,2,6mo,0.3,0.2,0.5,-0.05,0.17425742574257427
pooled,2,6mo,0.3,0.2,0.5,0.0,0.18021390374331553
pooled,2,6mo,0.3,0.2,0.5,0.05,0.1898809523809524
pooled,2,6mo,0.3,0.2,0.7,-0.05,0.18689839572192515
pooled,2,6mo,0.3,0.2,0.7,0.0,0.1963829787234043
pooled,2,6mo,0.3,0.2,0.7,0.05,0.2069672131147541
pooled,2,6mo,0.3,0.2,0.9,-0.05,0.18128342245989307
pooled,2,6mo,0.3,0.2,0.9,0.0,0.19566210045662102
pooled,2,6mo,0.3,0.2,0.9,0.05,0.24080459770114945
pooled,2,6mo,0.5,0.1,0.5,-0.05,0.19799107142857145
pooled,2,6mo,0.5,0.1,0.5,0.0,0.19457364341085273
pooled,2,6mo,0.5,0.1,0.5,0.05,0.1920081967213115
pooled,2,6mo,0.5,0.1,0.7,-0.05,0.2240223463687151
pooled,2,6mo,0.5,0.1,0.7,0.0,0.22810650887573966
pooled,2,6mo,0.5,0.1,0.7,0.05,0.22192982456140353
pooled,2,6mo,0.5,0.1,0.9,-0.05,0.20602836879432626
pooled,2,6mo,0.5,0.1,0.9,0.0,0.2322033898305085
pooled,2,6mo,0.5,0.1,0.9,0.05,
pooled,2,6mo,0.5,0.2,0.5,-0.05,0.18951965065502185
pooled,2,6mo,0.5,0.2,0.5,0.0,0.19282786885245903
pooled,2,6mo,0.5,0.2,0.5,0.05,0.19334862385321103
pooled,2,6mo,0.5,0.2,0.7,-0.05,0.21692307692307694
pooled,2,6mo,0.5,0.2,0.7,0.0,0.21843971631205678
pooled,2,6mo,0.5,0.2,0.7,0.05,0.22214285714285717
pooled,2,6mo,0.5,0.2,0.9,-0.05,0.20777777777777778
pooled,2,6mo,0.5,0.2,0.9,0.0,0.23671875000000003
pooled,2,6mo,0.5,0.2,0.9,0.05,
pooled,2,6mo,0.7,0.1,0.5,-0.05,0.1940298507462687
pooled,2,6mo,0.7,0.1,0.5,0.0,0.1917553191489362
pooled,2,6mo,0.7,0.1,0.5,0.05,0.17931034482758623
pooled,2,6mo,0.7,0.1,0.7,-0.05,0.23243243243243245
pooled,2,6mo,0.7,0.1,0.7,0.0,0.23508064516129035
pooled,2,6mo,0.7,0.1,0.7,0.05,0.29183673469387755
pooled,2,6mo,0.7,0.1,0.9,-0.05,0.2335403726708075
pooled,2,6mo,0.7,0.1,0.9,0.0,
pooled,2,6mo,0.7,0.1,0.9,0.05,
pooled,2,6mo,0.7,0.2,0.5,-0.05,0.19607329842931942
pooled,2,6mo,0.7,0.2,0.5,0.0,0.2009009009009009
pooled,2,6mo,0.7,0.2,0.5,0.05,0.19637681159420292
pooled,2,6mo,0.7,0.2,0.7,-0.05,0.22972972972972977
pooled,2,6mo,0.7,0.2,0.7,0.0,0.25877192982456143
pooled,2,6mo,0.7,0.2,0.7,0.05,0.2889830508474577
pooled,2,6mo,0.7,0.2,0.9,-0.05,0.2254166666666667
pooled,2,6mo,0.7,0.2,0.9,0.0,0.34939759036144585
pooled,2,6mo,0.7,0.2,0.9,0.05,
pooled,3,1.5yr,0.3,0.1,0.5,-0.05,0.10880503144654088
pooled,3,1.5yr,0.3,0.1,0.5,0.0,0.11773049645390071
pooled,3,1.5yr,0.3,0.1,0.5,0.05,0.12372262773722628
pooled,3,1.5yr,0.3,0.1,0.7,-0.05,0.1271830985915493
pooled,3,1.5yr,0.3,0.1,0.7,0.0,0.1414736842105263
pooled,3,1.5yr,0.3,0.1,0.7,0.05,0.15198863636363635
pooled,3,1.5yr,0.3,0.1,0.9,-0.05,0.18085937500000002
pooled,3,1.5yr,0.3,0.1,0.9,0.0,0.1792857142857143
pooled,3,1.5yr,0.3,0.1,0.9,0.05,0.18519417475728156
pooled,3,1.5yr,0.3,0.2,0.5,-0.05,0.10857142857142858
pooled,3,1.5yr,0.3,0.2,0.5,0.0,0.11435483870967743
pooled,3,1.5yr,0.3,0.2,0.5,0.05,0.11814569536423841
pooled,3,1.5yr,0.3,0.2,0.7,-0.05,0.13038461538461538
pooled,3,1.5yr,0.3,0.2,0.7,0.0,0.13582417582417583
pooled,3,1.5yr,0.3,0.2,0.7,0.05,0.1433175355450237
pooled,3,1.5yr,0.3,0.2,0.9,-0.05,0.1906374501992032
pooled,3,1.5yr,0.3,0.2,0.9,0.0,0.17574257425742576
pooled,3,1.5yr,0.3,0.2,0.9,0.05,0.19174107142857144
pooled,3,1.5yr,0.5,0.1,0.5,-0.05,0.1260839160839161
pooled,3,1.5yr,0.5,0.1,0.5,0.0,0.12608108108108107
pooled,3,1.5yr,0.5,0.1,0.5,0.05,0.12627906976744185
pooled,3,1.5yr,0.5,0.1,0.7,-0.05,0.1479611650485437
pooled,3,1.5yr,0.5,0.1,0.7,0.0,0.15597826086956523
pooled,3,1.5yr,0.5,0.1,0.7,0.05,0.14818681318681318
pooled,3,1.5yr,0.5,0.1,0.9,-0.05,0.18580508474576274
pooled,3,1.5yr,0.5,0.1,0.9,0.0,0.19150943396226416
pooled,3,1.5yr,0.5,0.1,0.9,0.05,0.22222222222222224
pooled,3,1.5yr,0.5,0.2,0.5,-0.05,0.11768786127167631
pooled,3,1.5yr,0.5,0.2,0.5,0.0,0.1202158273381295
pooled,3,1.5yr,0.5,0.2,0.5,0.05,0.11924050632911393
pooled,3,1.5yr,0.5,0.2,0.7,-0.05,0.14397058823529413
pooled,3,1.5yr,0.5,0.2,0.7,0.0,0.14837837837837836
pooled,3,1.5yr,0.5,0.2,0.7,0.05,0.1476923076923077
pooled,3,1.5yr,0.5,0.2,0.9,-0.05,0.18484848484848487
pooled,3,1.5yr,0.5,0.2,0.9,0.0,0.18467336683417088
pooled,3,1.5yr,0.5,0.2,0.9,0.05,0.24035087719298248
pooled,3,1.5yr,0.7,0.1,0.5,-0.05,0.12343373493975904
pooled,3,1.5yr,0.7,0.1,0.5,0.0,0.11645390070921986
pooled,3,1.5yr,0.7,0.1,0.5,0.05,0.11048275862068967
pooled,3,1.5yr,0.7,0.1,0.7,-0.05,0.1474869109947644
pooled,3,1.5yr,0.7,0.1,0.7,0.0,0.13863013698630136
pooled,3,1.5yr,0.7,0.1,0.7,0.05,0.13729166666666667
pooled,3,1.5yr,0.7,0.1,0.9,-0.05,0.18600000000000003
pooled,3,1.5yr,0.7,0.1,0.9,0.0,0.17354497354497356
pooled,3,1.5yr,0.7,0.1,0.9,0.05,
pooled,3,1.5yr,0.7,0.2,0.5,-0.05,0.11819444444444445
pooled,3,1.5yr,0.7,0.2,0.5,0.0,0.11820689655172414
pooled,3,1.5yr,0.7,0.2,0.5,0.05,0.11486842105263159
pooled,3,1.5yr,0.7,0.2,0.7,-0.05,0.14365714285714287
pooled,3,1.5yr,0.7,0.2,0.7,0.0,0.14413793103448277
pooled,3,1.5yr,0.7,0.2,0.7,0.05,0.1487272727272727
pooled,3,1.5yr,0.7,0.2,0.9,-0.05,0.18326180257510732
pooled,3,1.5yr,0.7,0.2,0.9,0.0,0.1828828828828829
pooled,3,1.5yr,0.7,0.2,0.9,0.05,
pooled,3,1yr,0.3,0.1,0.5,-0.05,0.11430463576158942
pooled,3,1yr,0.3,0.1,0.5,0.0,0.12163265306122449
pooled,3,1yr,0.3,0.1,0.5,0.05,0.1268702290076336
pooled,3,1yr,0.3,0.1,0.7,-0.05,0.13534351145038168
pooled,3,1yr,0.3,0.1,0.7,0.0,0.1481443298969072
pooled,3,1yr,0.3,0.1,0.7,0.05,0.1521472392638037
pooled,3,1yr,0.3,0.1,0.9,-0.05,0.17173913043478262
pooled,3,1yr,0.3,0.1,0.9,0.0,0.17745098039215687
pooled,3,1yr,0.3,0.1,0.9,0.05,0.18298755186721993
pooled,3,1yr,0.3,0.2,0.5,-0.05,0.11164835164835166
pooled,3,1yr,0.3,0.2,0.5,0.0,0.1168421052631579
pooled,3,1yr,0.3,0.2,0.5,0.05,0.12552147239263803
pooled,3,1yr,0.3,0.2,0.7,-0.05,0.13594285714285714
pooled,3,1yr,0.3,0.2,0.7,0.0,0.14296875
pooled,3,1yr,0.3,0.2,0.7,0.05,0.1534090909090909
pooled,3,1yr,0.3,0.2,0.9,-0.05,0.17995391705069125
pooled,3,1yr,0.3,0.2,0.9,0.0,0.1741025641025641
pooled,3,1yr,0.3,0.2,0.9,0.05,0.18696682464454978
pooled,3,1yr,0.5,0.1,0.5,-0.05,0.12914634146341464
pooled,3,1yr,0.5,0.1,0.5,0.0,0.12959183673469388
pooled,3,1yr,0.5,0.1,0.5,0.05,0.1316860465116279
pooled,3,1yr,0.5,0.1,0.7,-0.05,0.152317880794702
pooled,3,1yr,0.5,0.1,0.7,0.0,0.16167512690355332
pooled,3,1yr,0.5,0.1,0.7,0.05,0.16055555555555556
pooled,3,1yr,0.5,0.1,0.9,-0.05,0.18230088495575222
pooled,3,1yr,0.5,0.1,0.9,0.0,0.18199152542372882
pooled,3,1yr,0.5,0.1,0.9,0.05,0.228421052631579
pooled,3,1yr,0.5,0.2,0.5,-0.05,0.12390410958904109
pooled,3,1yr,0.5,0.2,0.5,0.0,0.12717791411042945
pooled,3,1yr,0.5,0.2,0.5,0.05,0.12675
pooled,3,1yr,0.5,0.2,0.7,-0.05,0.15111731843575418
pooled,3,1yr,0.5,0.2,0.7,0.0,0.14907692307692308
pooled,3,1yr,0.5,0.2,0.7,0.05,0.1483248730964467
pooled,3,1yr,0.5,0.2,0.9,-0.05,0.17905982905982906
pooled,3,1yr,0.5,0.2,0.9,0.0,0.1834158415841584
pooled,3,1yr,0.5,0.2,0.9,0.05,0.24603174603174605
pooled,3,1yr,0.7,0.1,0.5,-0.05,0.13016129032258064
pooled,3,1yr,0.7,0.1,0.5,0.0,0.12058441558441559
pooled,3,1yr,0.7,0.1,0.5,0.05,0.11318435754189944
pooled,3,1yr,0.7,0.1,0.7,-0.05,0.1492462311557789
pooled,3,1yr,0.7,0.1,0.7,0.0,0.14380434782608698
pooled,3,1yr,0.7,0.1,0.7,0.05,0.14102189781021898
pooled,3,1yr,0.7,0.1,0.9,-0.05,0.1866666666666667
pooled,3,1yr,0.7,0.1,0.9,0.0,0.17800000000000002
pooled,3,1yr,0.7,0.1,0.9,0.05,
pooled,3,1yr,0.7,0.2,0.5,-0.05,0.12631578947368421
pooled,3,1yr,0.7,0.2,0.5,0.0,0.12253521126760564
pooled,3,1yr,0.7,0.2,0.5,0.05,0.11949685534591195
pooled,3,1yr,0.7,0.2,0.7,-0.05,0.15
pooled,3,1yr,0.7,0.2,0.7,0.0,0.1528125
pooled,3,1yr,0.7,0.2,0.7,0.05,0.15974842767295597
pooled,3,1yr,0.7,0.2,0.9,-0.05,0.18155555555555558
pooled,3,1yr,0.7,0.2,0.9,0.0,0.19480519480519484
pooled,3,1yr,0.7,0.2,0.9,0.05,
pooled,3,6mo,0.3,0.1,0.5,-0.05,0.14682119205298014
pooled,3,6mo,0.3,0.1,0.5,0.0,0.14973684210526314
pooled,3,6mo,0.3,0.1,0.5,0.05,0.1551948051948052
pooled,3,6mo,0.3,0.1,0.7,-0.05,0.15911602209944753
pooled,3,6mo,0.3,0.1,0.7,0.0,0.17185792349726778
pooled,3,6mo,0.3,0.1,0.7,0.05,0.18043478260869567
pooled,3,6mo,0.3,0.1,0.9,-0.05,0.1564814814814815
pooled,3,6mo,0.3,0.1,0.9,0.0,0.18177083333333335
pooled,3,6mo,0.3,0.1,0.9,0.05,0.19648241206030154
pooled,3,6mo,0.3,0.2,0.5,-0.05,0.14104712041884818
pooled,3,6mo,0.3,0.2,0.5,0.0,0.14814814814814814
pooled,3,6mo,0.3,0.2,0.5,0.05,0.1568421052631579
pooled,3,6mo,0.3,0.2,0.7,-0.05,0.16126373626373627
pooled,3,6mo,0.3,0.2,0.7,0.0,0.16894736842105265
pooled,3,6mo,0.3,0.2,0.7,0.05,0.17785388127853882
pooled,3,6mo,0.3,0.2,0.9,-0.05,0.16350574712643678
pooled,3,6mo,0.3,0.2,0.9,0.0,0.17784431137724555
pooled,3,6mo,0.3,0.2,0.9,0.05,0.20990990990990993
pooled,3,6mo,0.5,0.1,0.5,-0.05,0.16146496815286626
pooled,3,6mo,0.5,0.1,0.5,0.0,0.16382978723404257
pooled,3,6mo,0.5,0.1,0.5,0.05,0.1689130434782609
pooled,3,6mo,0.5,0.1,0.7,-0.05,0.18571428571428572
pooled,3,6mo,0.5,0.1,0.7,0.0,0.1870558375634518
pooled,3,6mo,0.5,0.1,0.7,0.05,0.18512820512820516
pooled,3,6mo,0.5,0.1,0.9,-0.05,0.18847926267281107
pooled,3,6mo,0.5,0.1,0.9,0.0,0.19811320754716982
pooled,3,6mo,0.5,0.1,0.9,0.05,0.30707070707070705
pooled,3,6mo,0.5,0.2,0.5,-0.05,0.15538922155688623
pooled,3,6mo,0.5,0.2,0.5,0.0,0.1554913294797688
pooled,3,6mo,0.5,0.2,0.5,0.05,0.15873493975903616
pooled,3,6mo,0.5,0.2,0.7,-0.05,0.1768229166666667
pooled,3,6mo,0.5,0.2,0.7,0.0,0.18229166666666669
pooled,3,6mo,0.5,0.2,0.7,0.05,0.18391959798994978
pooled,3,6mo,0.5,0.2,0.9,-0.05,0.18191056910569106
pooled,3,6mo,0.5,0.2,0.9,0.0,0.19222689075630256
pooled,3,6mo,0.5,0.2,0.9,0.05,0.32613636363636367
pooled,3,6mo,0.7,0.1,0.5,-0.05,0.1574074074074074
pooled,3,6mo,0.7,0.1,0.5,0.0,0.15705128205128205
pooled,3,6mo,0.7,0.1,0.5,0.05,0.1430357142857143
pooled,3,6mo,0.7,0.1,0.7,-0.05,0.1855140186915888
pooled,3,6mo,0.7,0.1,0.7,0.0,0.18351351351351353
pooled,3,6mo,0.7,0.1,0.7,0.05,0.19134078212290506
pooled,3,6mo,0.7,0.1,0.9,-0.05,0.20833333333333334
pooled,3,6mo,0.7,0.1,0.9,0.0,0.2767605633802817
pooled,3,6mo,0.7,0.1,0.9,0.05,
pooled,3,6mo,0.7,0.2,0.5,-0.05,0.16593406593406596
pooled,3,6mo,0.7,0.2,0.5,0.0,0.16484848484848486
pooled,3,6mo,0.7,0.2,0.5,0.05,0.164
pooled,3,6mo,0.7,0.2,0.7,-0.05,0.18803191489361704
pooled,3,6mo,0.7,0.2,0.7,0.0,0.18459595959595962
pooled,3,6mo,0.7,0.2,0.7,0.05,0.21402439024390246
pooled,3,6mo,0.7,0.2,0.9,-0.05,0.197196261682243
pooled,3,6mo,0.7,0.2,0.9,0.0,0.2694736842105263
pooled,3,6mo,0.7,0.2,0.9,0.05,
